{
  "coverage_thresholds": {
    "answer_min": 1.0,
    "reasoning_min": 0.0
  },
  "cross_model_stats": {
    "mean": 0.7955586002489514,
    "p05": 0.6306672779764035,
    "p50": 0.793870557493255,
    "p95": 0.9681522785440104
  },
  "protocol_expectations": {
    "issues": [],
    "required_capabilities": [
      "chat_completions"
    ],
    "satisfied": true
  },
  "same_model_stats": {
    "mean": 1.0,
    "p05": 1.0,
    "p50": 1.0,
    "p95": 1.0
  },
  "suite_id": "fingerprint-suite-v32",
  "thresholds": {
    "consistency": 1.0,
    "margin": 0.015923860727994787,
    "match": 1.0,
    "suspicious": 0.9840761392720052,
    "unknown": 0.9681522785440104
  }
}
