{
  "coverage_thresholds": {
    "answer_min": 1.0,
    "reasoning_min": 0.0
  },
  "cross_model_stats": {
    "mean": 0.8687465203737321,
    "p05": 0.8039600358844143,
    "p50": 0.8888232976149628,
    "p95": 0.9258719044385366
  },
  "protocol_expectations": {
    "issues": [],
    "required_capabilities": [
      "chat_completions"
    ],
    "satisfied": true
  },
  "same_model_stats": {
    "mean": 0.979465165731556,
    "p05": 0.9491610636033814,
    "p50": 0.9901974288337925,
    "p95": 0.9941785945918176
  },
  "suite_id": "fingerprint-suite-v3",
  "thresholds": {
    "consistency": 1.0,
    "margin": 0.011644579582422376,
    "match": 0.9491610636033814,
    "suspicious": 0.937516484020959,
    "unknown": 0.9258719044385366
  }
}
